Category,ID,Name,Species,Breed,Classification,Sex,Age,Color,Date of Birth,Origin/Native Habitat,Other Characteristics,Owner,Image
A - สัตว์เลี้ยงลูกด้วยนม,A001,Lumi,Mooncalf,Daylight Mooncalf,XX,Male,3,สีฟ้าอมเทา,12 พฤษภาคม 2011,ฝรั่งเศส,-,Prof. Meduza Rose SaintRosaria,https://img2.pic.in.th/20260828010507_1.jpg
A - สัตว์เลี้ยงลูกด้วยนม,A002,Clover,Mooncalf,Daylight Mooncalf,XX,Female,7,สีฟ้าอมเทา,24 มกราคม 2007,ฝรั่งเศส,-,Prof. Meduza Rose SaintRosaria,https://img1.pic.in.th/images/20260828010524_1.jpg
A - สัตว์เลี้ยงลูกด้วยนม,A003,Bramble,Mooncalf,Daylight Mooncalf,XX,Male,8,สีฟ้าอมเทา,7 กันยายน 2006,ฝรั่งเศส,-,Prof. Meduza Rose SaintRosaria,https://img1.pic.in.th/images/20260828010529_1.jpg
A - สัตว์เลี้ยงลูกด้วยนม,A004,Mallow,Mooncalf,Daylight Mooncalf,XX,Female,2,สีฟ้าอมเทา,18 มีนาคม 2012,ฝรั่งเศส,-,Prof. Meduza Rose SaintRosaria,https://img2.pic.in.th/20260828010543_1.jpg
A - สัตว์เลี้ยงลูกด้วยนม,A005,Truffle,Mooncalf,Daylight Mooncalf,XX,Male,2,สีฟ้าอมเทา,29 ตุลาคม 2012,ฝรั่งเศส,-,Prof. Meduza Rose SaintRosaria,https://img2.pic.in.th/20260828010549_1.jpg
A - สัตว์เลี้ยงลูกด้วยนม,A006,Mochi,Mooncalf,Daylight Mooncalf,XX,Female,3,สีฟ้าอมเทา,5 มิถุนายน 2011,ฝรั่งเศส,-,Prof. Meduza Rose SaintRosaria,https://img2.pic.in.th/20260828010602_11.jpg
A - สัตว์เลี้ยงลูกด้วยนม,A007,Pippin,Mooncalf,Daylight Mooncalf,XX,Male,3,สีฟ้าอมเทา,21 ธันวาคม 2011,ฝรั่งเศส,-,Prof. Meduza Rose SaintRosaria,https://img1.pic.in.th/images/20260828010602_1.jpg
B - สัตว์ปีกและแมลง,B001,Pudding,Fwooper,Pygmy Fwooper (พันธุ์แคระ),XXX,Female,11,สีชมพูสด,31 สิงหาคม 2003,ฝรั่งเศส,-,Prof. Meduza Rose SaintRosaria,
B - สัตว์ปีกและแมลง,B002,Olaf,Snidget,-,XXXX,Male,5,สีเหลืองทอง,5 มกราคม 2009,ฝรั่งเศส,-,Prof. Meduza Rose SaintRosaria,
C - สัตว์น้ำ สัตว์ครึ่งบกครึ่งน้ำ สัตว์เลื้อยคลาน,C001,Balzebu,Chorusfactus,-,XXX,Male,12,สีม่วง,20 ตุลาคม 2001,ฝรั่งเศส,-,Prof. Meduza Rose SaintRosaria,
A - สัตว์เลี้ยงลูกด้วยนม,A009,,,,,,,,,,,,