Category,ID,รายการ,จำนวน,หน่วย
อาหารและวัตถุดิบ,N0001,อาหารแปรรูป,112,ชิ้น
อาหารและวัตถุดิบ,N0002,อาหารฝึกแมว,14,ชิ้น
อาหารและวัตถุดิบ,N0003,คุกกี้สัตว์วิเศษ,15,ชิ้น
ผลไม้,N0004,องุ่นพวง,7,พวง
ผลไม้,N0005,แอปเปิ้ลแดง,170,ผล
ผลไม้,N0006,เบอร์รี่,397,ผล
ผลไม้,N0007,มะนาว,6,ลูก
พืชผัก,N0008,แตงกวาป่า,75,ผล
พืชผัก,N0009,แครอท,25,หัว
พืชผัก,N0010,ฟักทอง,21,ลูก
พืชผัก,N0011,ผักโขม,60,ใบ
พืชผัก,,ข้าวโอ๊ต,12,KG
พืชผัก,,เฮเซลนัท,31,ผล
สมุนไพร,N0012,ใบสะระแหน่,4,ใบ
สมุนไพร,N0013,ใบตำแยฝรั่ง,36,ใบ
สมุนไพร,N0014,ใบตำแยฝรั่ั่ง,100,ใบ
ดอกไม้,,Rose,17,ดอก
ดอกไม้,,Lily,14,ดอก
ดอกไม้,,Daisy,14,ดอก
ดอกไม้,,Hydrangea,6,ดอก
ดอกไม้,,Dandelion,7,ดอก
ดอกไม้,,Cyclamen White,23,ดอก
ดอกไม้,,Cyclamen Red,2,ดอก
ดอกไม้,,Camellia White,14,ดอก
ดอกไม้,,Camellia Red,11,ดอก
เมล็ดพันธุ์,,เมล็ดเสจ,8,เมล็ด
เมล็ดพันธุ์,,เมล็ดโรสแมรี่,1,เมล็ด
เมล็ดพันธุ์,,เมล็ดเวิร์มวูด,29,เมล็ด
วัตถุดิบแปรรูป,,หญ้าแห้ง,73,มัด
วัตถุดิบแปรรูป,,แอปเปิ้ลแห้ง,20,ชิ้้น
วัตถุดิบแปรรูป,,เปลือกแอปเปิ้ลแห้ง,8,ชิ้น
วัตถุดิบพื้นฐาน,,ไข่ไก่,14,ฟอง
วัตถุดิบพื้นฐาน,,น้ำตาล,2,KG
เนื้อสัตว์,,เนื้อสัตว์,-,ชิ้น
เนื้อสัตว์,,ปลา (ยังมีชีวิต),-,ตัว
เนื้อสัตว์,,เนื้อปลาหั่นชิ้น,64,ชิ้น
ผลผลิตจากสัตว์วิเศษ,,ขนมูนคาล์ฟ,28,ก้อน
ผลผลิตจากสัตว์วิเศษ,,อึมูนคาล์ฟ,98,กอง
ผลผลิตจากสัตว์วิเศษ,,น้ำผึ้งจากกลัมบัมเบิ้ล 750 mL,1,ขวด
ยาและอาหารเสริม,,น้ำยาวิกเกนเวลด์สำหรับสัตว์วิเศษ,340,mL
อุปกรณ์อื่น ๆ,,แมลง,63,ตัว
อุปกรณ์อื่น ๆ,,ไส้เดือน,76,ตัว