Transaction ID,วันที่ (มักเกิ้ล),เวลา (IC),ประเภท,Item ID,รายการ,จำนวน,หน่วย,Work ID,ผู้ลงบันทึก,หมายเหตุ
T00001,"30/9/2026, 10:00:00",4:59,เบิก,N0001,อาหารแปรรูป,1,ชิ้น,W0001,IKARLOV,การทำความสะอาด
T00002,"30/9/2026, 15:24:12",5:24,ปรับเพิ่ม,N0001,อาหารแปรรูป,1,ชิ้น,W0001,Password Admin,ยกเลิก W0001 | กรอกข้อมูลผิด / รายการซ้ำ
T00003,"30/9/2026, 10:00:00",6:53,เบิก,N0001,อาหารแปรรูป,1,ชิ้น,W0001,IKARLOV,การทำความสะอาด
T00004,"30/9/2026, 17:20:41",7:20,ปรับเพิ่ม,N0001,อาหารแปรรูป,1,ชิ้น,W0001,Password Admin,ยกเลิก W0001 | กรอกข้อมูลผิด / รายการซ้ำ
T00005,"30/9/2026, 17:20:42",7:20,ปรับเพิ่ม,N0001,อาหารแปรรูป,1,ชิ้น,W0001,Password Admin,ยกเลิก W0001 | กรอกข้อมูลผิด / รายการซ้ำ
T00006,"30/9/2026, 10:00:00",7:27,เบิก,N0001,อาหารแปรรูป,1,ชิ้น,W0001,IKARLOV,การทำความสะอาด
T00007,"30/9/2026, 17:33:20",7:33,ปรับเพิ่ม,N0001,อาหารแปรรูป,1,ชิ้น,W0001,Password Admin,ยกเลิก W0001 | กรอกข้อมูลผิด / รายการซ้ำ
T00008,"30/9/2026, 17:33:23",7:33,ปรับเพิ่ม,N0001,อาหารแปรรูป,1,ชิ้น,W0001,Password Admin,ยกเลิก W0001 | กรอกข้อมูลผิด / รายการซ้ำ
T00009,"30/9/2026, 17:33:24",7:33,ปรับเพิ่ม,N0001,อาหารแปรรูป,1,ชิ้น,W0001,Password Admin,ยกเลิก W0001 | กรอกข้อมูลผิด / รายการซ้ำ
T00010,"30/9/2026, 10:00:00",7:29,เบิก,N0001,อาหารแปรรูป,1,ชิ้น,W0001,IKARLOV,การให้อาหารสัตว์วิเศษ
T00011,"30/9/2026, 17:35:54",7:35,ปรับเพิ่ม,N0001,อาหารแปรรูป,1,ชิ้น,W0001,Password Admin,ยกเลิก W0001 | กรอกข้อมูลผิด / รายการซ้ำ
T00012,"30/9/2026, 17:35:55",7:35,ปรับเพิ่ม,N0001,อาหารแปรรูป,1,ชิ้น,W0001,Password Admin,ยกเลิก W0001 | กรอกข้อมูลผิด / รายการซ้ำ
T00013,"30/9/2026, 17:35:58",7:35,ปรับเพิ่ม,N0001,อาหารแปรรูป,1,ชิ้น,W0001,Password Admin,ยกเลิก W0001 | กรอกข้อมูลผิด / รายการซ้ำ
T00014,"30/9/2026, 17:36:01",7:36,ปรับเพิ่ม,N0001,อาหารแปรรูป,1,ชิ้น,W0001,Password Admin,ยกเลิก W0001 | กรอกข้อมูลผิด / รายการซ้ำ