หมวดหมู่งาน,งานทั่วไป,เก็บผลผลิต,วันผู้วิเศษ,Target ID,Target Name,Target Source,,Member ID,Member Name,,Inventory ID,Inventory Item,Inventory Unit
งานทั่วไป,การทำความสะอาด,การเก็บผลผลิตพืชผัก,วันที่ 1 ผู้วิเศษ | 02.00 - 05.59 น.,A001,Lumi,BEASTS,,,,,,,
เก็บผลผลิต,การให้อาหารสัตว์วิเศษ,การรับผลผลิตจากสัตว์วิเศษ,วันที่ 2 ผู้วิเศษ | 06.00 - 09.59 น.,A002,Clover,BEASTS,,,,,,,
,การรดน้ำพืชผัก,,วันที่ 3 ผู้วิเศษ | 10.00 - 13.59 น.,A003,Bramble,BEASTS,,,,,,,
,,,วันที่ 4 ผู้วิเศษ | 14.00 - 17.59 น.,A004,Mallow,BEASTS,,,,,,,
,,,วันที่ 5 ผู้วิเศษ | 18.00 - 21.59 น.,A005,Truffle,BEASTS,,,,,,,
,,,วันที่ 6 ผู้วิเศษ | 22.00 - 01.59 น.,A006,Mochi,BEASTS,,,,,,,
,,,,A007,Pippin,BEASTS,,,,,,,
,,,,B001,Pudding,BEASTS,,,,,,,
,,,,B002,Olaf,BEASTS,,,,,,,
,,,,C001,Balzebu,BEASTS,,,,,,,
,,,,A009,,BEASTS,,,,,,,